Province,netid,round,loc,splace,splacegr,uselast,usergr,usegr2,freq,season,wash,times,soap,soapgr,dried,res,Mosquitospeciesstrain,NetType,nettype,ig2_filter,n,n_penetrated,n_blood_fed,n_dead24h,n_dead72h,penetrated,bloodfed,mort24h,mort72,bfi,alpha_g_kg,alpha_mg_m2,chlor_g_kg,chlor_mg_m2
Banfora,Burkina Faso/base/101/01,0,1,4,3,1,3,3,1,1,0,0,,,,0,An. gambiae Kisumu,Interceptor G2,1,1,97,43,14,96,97,44.32989690721649,14.43298969072165,98.96907216494846,100,85.56701030927836,2.73,644,4.9,236
Banfora,Burkina Faso/base/101/01,0,1,4,3,1,3,3,1,1,0,0,,,,1,An. coluzzii VKPER,Interceptor G2,1,5,96,31,12,69,87,32.29166666666667,12.5,71.875,90.625,87.5,2.73,644,4.9,236
Banfora,Burkina Faso/base/101/02,0,2,4,3,0,4,3,2,1,0,0,,,,0,An. gambiae Kisumu,Interceptor G2,1,1,104,64,4,104,104,61.53846153846154,3.846153846153846,100,100,96.15384615384616,2.39,484,4.53,202
Banfora,Burkina Faso/base/101/02,0,2,4,3,0,4,3,2,1,0,0,,,,1,An. coluzzii VKPER,Interceptor G2,1,5,63,23,4,52,59,36.50793650793651,6.349206349206349,82.53968253968253,93.65079365079364,93.57142857142857,2.39,484,4.53,202
Banfora,Burkina Faso/base/102/01,0,4,7,4,0,5,3,5,4,0,0,,,,1,An. coluzzii VKPER,Interceptor G2,1,5,94,65,60,83,87,69.14893617021278,63.82978723404256,88.29787234042553,92.55319148936169,36.17021276595744,2.57,559,4.72,218
Banfora,Burkina Faso/base/102/01,0,4,7,4,0,5,3,5,4,0,0,,,,0,An. gambiae Kisumu,Interceptor G2,1,1,101,28,2,101,101,27.72277227722773,1.98019801980198,100,100,98.01980198019803,2.57,559,4.72,218
Banfora,Burkina Faso/base/102/02,0,4,7,4,0,5,3,5,4,0,0,,,,0,An. gambiae Kisumu,Interceptor G2,1,1,88,77,44,88,88,87.5,50,100,100,50,2.69,644,5.17,239
Banfora,Burkina Faso/base/102/02,0,4,7,4,0,5,3,5,4,0,0,,,,1,An. coluzzii VKPER,Interceptor G2,1,5,97,50,44,75,97,51.54639175257731,45.36082474226804,77.31958762886599,100,54.63917525773196,2.69,644,5.17,239
Banfora,Burkina Faso/base/103/01,0,1,1,1,1,1,1,1,1,0,0,,,,0,An. gambiae Kisumu,Interceptor G2,1,1,97,18,4,97,97,18.55670103092784,4.123711340206185,100,100,95.42437508826437,2.83,623,4.69,220
Banfora,Burkina Faso/base/103/01,0,1,1,1,1,1,1,1,1,0,0,,,,1,An. coluzzii VKPER,Interceptor G2,1,5,74,45,30,36,51,60.81081081081081,40.54054054054054,48.64864864864865,68.91891891891892,58.95270270270269,2.83,623,4.69,220
Banfora,Burkina Faso/base/103/02,0,1,1,1,1,4,3,1,1,0,0,,,,0,An. gambiae Kisumu,Interceptor G2,1,1,86,44,9,85,85,51.16279069767442,10.46511627906977,98.83720930232558,98.83720930232558,88.38802166294998,2.52,452,4.08,179
Banfora,Burkina Faso/base/103/02,0,1,1,1,1,4,3,1,1,0,0,,,,1,An. coluzzii VKPER,Interceptor G2,1,5,75,37,5,50,62,49.33333333333334,6.666666666666667,66.66666666666666,82.66666666666667,93.25,2.52,452,4.08,179
Banfora,Burkina Faso/base/104/01,0,4,7,4,0,5,3,5,4,0,0,,,,1,An. coluzzii VKPER,Interceptor G2,1,5,110,76,75,58,78,69.09090909090909,68.18181818181817,52.72727272727272,70.90909090909091,31.81818181818182,2.85,716,5.54,251
Banfora,Burkina Faso/base/104/01,0,4,7,4,0,5,3,5,4,0,0,,,,0,An. gambiae Kisumu,Interceptor G2,1,1,125,42,19,122,125,33.6,15.2,97.59999999999999,100,84.8,2.85,716,5.54,251
Banfora,Burkina Faso/base/104/02,0,1,2,1,1,2,2,1,2,0,0,,,,0,An. gambiae Kisumu,Interceptor G2,1,1,100,12,9,100,100,12,9,100,100,91,2.67,560,4.63,210
Banfora,Burkina Faso/base/104/02,0,1,2,1,1,2,2,1,2,0,0,,,,1,An. coluzzii VKPER,Interceptor G2,1,5,76,60,33,52,52,78.94736842105263,43.42105263157895,68.42105263157895,68.42105263157895,56.57894736842104,2.67,560,4.63,210
Banfora,Burkina Faso/base/105/01,0,4,7,4,0,5,3,5,4,0,0,,,,1,An. coluzzii VKPER,Interceptor G2,1,5,96,31,12,69,87,32.29166666666667,12.5,71.875,90.625,87.5,3.21,846,5.74,263
Banfora,Burkina Faso/base/105/01,0,4,7,4,0,5,3,5,4,0,0,,,,0,An. gambiae Kisumu,Interceptor G2,1,1,114,7,1,114,114,6.140350877192982,.8771929824561403,100,100,99.12280701754386,3.21,846,5.74,263
Banfora,Burkina Faso/base/105/02,0,1,4,3,1,4,3,1,3,1,1,1,1,1,0,An. gambiae Kisumu,Interceptor G2,1,1,95,61,0,95,95,64.21052631578948,0,100,100,100,2.69,647,4.96,241
Banfora,Burkina Faso/base/105/02,0,1,4,3,1,4,3,1,3,1,1,1,1,1,1,An. coluzzii VKPER,Interceptor G2,1,5,95,93,91,60,69,97.89473684210527,95.78947368421052,63.1578947368421,72.63157894736842,4.210526315789476,2.69,647,4.96,241
Banfora,Burkina Faso/base/106/01,0,1,1,1,1,1,1,3,2,0,0,,,,1,An. coluzzii VKPER,Interceptor G2,1,5,80,68,57,51,74,85,71.25,63.74999999999999,92.5,28.75,2.58,624,5.25,241
Banfora,Burkina Faso/base/106/01,0,1,1,1,1,1,1,3,2,0,0,,,,0,An. gambiae Kisumu,Interceptor G2,1,1,114,49,20,114,114,42.98245614035088,17.5438596491228,100,100,80.53352559480894,2.58,624,5.25,241
Banfora,Burkina Faso/base/106/02,0,1,1,1,1,2,2,1,1,0,0,,,,0,An. gambiae Kisumu,Interceptor G2,1,1,95,91,70,95,95,95.78947368421052,73.68421052631578,100,100,18.24080749819755,2.65,571,4.61,215
Banfora,Burkina Faso/base/106/02,0,1,1,1,1,2,2,1,1,0,0,,,,1,An. coluzzii VKPER,Interceptor G2,1,5,106,24,16,90,97,22.64150943396227,15.09433962264151,84.90566037735849,91.50943396226415,84.90566037735849,2.65,571,4.61,215
Banfora,Burkina Faso/base/107/01,0,4,7,4,0,5,3,5,4,0,0,,,,0,An. gambiae Kisumu,Interceptor G2,1,1,135,4,0,124,124,2.962962962962963,0,91.85185185185185,91.85185185185185,100,2.84,648,5.31,228
Banfora,Burkina Faso/base/107/01,0,4,7,4,0,5,3,5,4,0,0,,,,1,An. coluzzii VKPER,Interceptor G2,1,5,74,55,44,54,59,74.32432432432432,59.45945945945946,72.97297297297297,79.72972972972973,27.74546698597331,2.84,648,5.31,228
Banfora,Burkina Faso/base/107/02,0,4,7,4,0,5,3,5,4,0,0,,,,0,An. gambiae Kisumu,Interceptor G2,1,1,79,61,41,79,79,77.21518987341773,51.89873417721519,100,100,48.10126582278481,2.75,938,7.29,341
Banfora,Burkina Faso/base/107/02,0,4,7,4,0,5,3,5,4,0,0,,,,1,An. coluzzii VKPER,Interceptor G2,1,5,96,44,37,80,83,45.83333333333333,38.54166666666667,83.33333333333334,86.45833333333334,53.16455696202531,2.75,938,7.29,341
Banfora,Burkina Faso/base/108/01,0,4,7,4,0,5,3,5,4,0,0,,,,1,An. coluzzii VKPER,Interceptor G2,1,5,123,90,77,85,107,73.17073170731707,62.60162601626016,69.10569105691057,86.99186991869918,37.39837398373984,2.65,581,4.95,219
Banfora,Burkina Faso/base/108/01,0,4,7,4,0,5,3,5,4,0,0,,,,0,An. gambiae Kisumu,Interceptor G2,1,1,100,1,0,100,100,1,0,100,100,100,2.65,581,4.95,219
Banfora,Burkina Faso/base/108/02,0,4,7,4,0,5,3,5,4,0,0,,,,0,An. gambiae Kisumu,Interceptor G2,1,1,100,1,0,100,100,1,0,100,100,100,2.8,632,5.35,226
Banfora,Burkina Faso/base/108/02,0,4,7,4,0,5,3,5,4,0,0,,,,1,An. coluzzii VKPER,Interceptor G2,1,5,90,31,14,86,89,34.44444444444444,15.55555555555556,95.55555555555556,98.88888888888889,84.44444444444444,2.8,632,5.35,226
Banfora,Burkina Faso/base/109/01,0,4,7,4,0,5,3,5,4,0,0,,,,1,An. coluzzii VKPER,Interceptor G2,1,5,91,31,25,81,89,34.06593406593407,27.47252747252747,89.01098901098901,97.8021978021978,72.52747252747253,2.57,584,5.12,228
Banfora,Burkina Faso/base/109/01,0,4,7,4,0,5,3,5,4,0,0,,,,0,An. gambiae Kisumu,Interceptor G2,1,1,86,5,0,79,79,5.813953488372093,0,91.86046511627907,91.86046511627907,100,2.57,584,5.12,228
Banfora,Burkina Faso/base/109/02,0,4,7,4,0,5,3,5,4,0,0,,,,1,An. coluzzii VKPER,Interceptor G2,1,5,99,55,40,67,78,55.55555555555556,40.4040404040404,67.67676767676768,78.78787878787878,50.90141925584963,2.58,477,4.22,185
Banfora,Burkina Faso/base/109/02,0,4,7,4,0,5,3,5,4,0,0,,,,0,An. gambiae Kisumu,Interceptor G2,1,1,106,32,3,106,106,30.18867924528302,2.830188679245283,100,100,96.85965365727579,2.58,477,4.22,185
Banfora,Burkina Faso/base/110/01,0,2,3,2,1,2,2,1,2,0,0,,,,0,An. gambiae Kisumu,Interceptor G2,1,1,74,27,2,74,74,36.48648648648648,2.702702702702703,100,100,97.29729729729731,2.73,512,4.59,188
Banfora,Burkina Faso/base/110/01,0,2,3,2,1,2,2,1,2,0,0,,,,1,An. coluzzii VKPER,Interceptor G2,1,5,77,34,20,58,71,44.15584415584416,25.97402597402597,75.32467532467533,92.20779220779221,74.02597402597402,2.73,512,4.59,188
Banfora,Burkina Faso/base/110/02,0,4,7,4,0,5,3,5,4,0,0,,,,1,An. coluzzii VKPER,Interceptor G2,1,5,101,49,48,73,78,48.51485148514851,47.52475247524752,72.27722772277228,77.22772277227723,52.47524752475248,2.57,561,5.04,218
Banfora,Burkina Faso/base/110/02,0,4,7,4,0,5,3,5,4,0,0,,,,0,An. gambiae Kisumu,Interceptor G2,1,1,98,15,1,99,99,15.30612244897959,1.020408163265306,101.0204081632653,101.0204081632653,98.86776628459603,2.57,561,5.04,218
Banfora,Burkina Faso/base/111/01,0,1,2,1,1,4,3,1,1,0,0,,,,0,An. gambiae Kisumu,Interceptor G2,1,1,112,28,1,112,112,25,.8928571428571428,100,100,99.10714285714286,2.65,410,3.57,155
Banfora,Burkina Faso/base/111/01,0,1,2,1,1,4,3,1,1,0,0,,,,1,An. coluzzii VKPER,Interceptor G2,1,5,95,81,50,69,79,85.26315789473684,52.63157894736842,72.63157894736842,83.15789473684211,47.36842105263158,2.65,410,3.57,155
Banfora,Burkina Faso/base/111/02,0,2,1,1,1,4,3,1,3,0,0,,,,0,An. gambiae Kisumu,Interceptor G2,1,1,104,42,1,97,97,40.38461538461539,.9615384615384616,93.26923076923077,93.26923076923077,99.03846153846155,2.61,545,4.7,209
Banfora,Burkina Faso/base/111/02,0,2,1,1,1,4,3,1,3,0,0,,,,1,An. coluzzii VKPER,Interceptor G2,1,5,112,61,44,101,109,54.46428571428571,39.28571428571428,90.17857142857143,97.32142857142857,52.26039783001808,2.61,545,4.7,209
Banfora,Burkina Faso/base/112/01,0,1,1,1,1,2,2,1,2,0,0,,,,0,An. gambiae Kisumu,Interceptor G2,1,1,114,7,1,114,114,6.140350877192982,.8771929824561403,100,100,99.12280701754386,2.93,677,5.14,231
Banfora,Burkina Faso/base/112/01,0,1,1,1,1,2,2,1,2,0,0,,,,1,An. coluzzii VKPER,Interceptor G2,1,5,101,47,32,85,92,46.53465346534654,31.68316831683168,84.15841584158416,91.0891089108911,61.49893470359693,2.93,677,5.14,231
Banfora,Burkina Faso/base/112/02,0,4,7,4,0,5,3,5,4,0,0,,,,0,An. gambiae Kisumu,Interceptor G2,1,1,78,36,13,78,78,46.15384615384615,16.66666666666666,100,100,81.50684931506849,2.92,815,5.71,279
Banfora,Burkina Faso/base/112/02,0,4,7,4,0,5,3,5,4,0,0,,,,1,An. coluzzii VKPER,Interceptor G2,1,5,88,70,58,38,59,79.54545454545455,65.90909090909091,43.18181818181818,67.04545454545455,33.26704545454545,2.92,815,5.71,279
Banfora,Burkina Faso/base/113/01,0,2,6,3,0,4,3,3,9,0,0,,,,1,An. coluzzii VKPER,Interceptor G2,1,5,86,68,48,38,59,79.06976744186046,55.81395348837209,44.18604651162791,68.6046511627907,43.48837209302325,2.44,575,5.07,235
Banfora,Burkina Faso/base/113/01,0,2,6,3,0,4,3,3,9,0,0,,,,0,An. gambiae Kisumu,Interceptor G2,1,1,86,33,11,86,86,38.37209302325581,12.79069767441861,100,100,87.20930232558139,2.44,575,5.07,235
Banfora,Burkina Faso/base/113/02,0,1,3,2,1,2,2,1,1,0,0,,,,0,An. gambiae Kisumu,Interceptor G2,1,1,100,26,3,97,98,26,3,97,98,96.67123287671234,2.62,479,3.91,183
Banfora,Burkina Faso/base/113/02,0,1,3,2,1,2,2,1,1,0,0,,,,1,An. coluzzii VKPER,Interceptor G2,1,5,80,72,66,36,53,90,82.5,45,66.25,16.46875,2.62,479,3.91,183
Banfora,Burkina Faso/base/114/01,0,1,1,1,1,4,3,1,3,1,1,1,1,1,1,An. coluzzii VKPER,Interceptor G2,1,5,94,49,35,72,81,52.12765957446809,37.23404255319149,76.59574468085107,86.17021276595744,62.76595744680851,2.14,397,3.92,185
Banfora,Burkina Faso/base/114/01,0,1,1,1,1,4,3,1,3,1,1,1,1,1,0,An. gambiae Kisumu,Interceptor G2,1,1,83,9,1,83,83,10.8433734939759,1.204819277108434,100,100,98.79518072289156,2.14,397,3.92,185
Banfora,Burkina Faso/base/114/02,0,4,7,4,0,5,3,5,4,0,0,,,,0,An. gambiae Kisumu,Interceptor G2,1,1,109,50,14,109,109,45.87155963302752,12.84403669724771,100,100,85.74839763730049,3.12,822,5.95,263
Banfora,Burkina Faso/base/114/02,0,4,7,4,0,5,3,5,4,0,0,,,,1,An. coluzzii VKPER,Interceptor G2,1,5,80,54,43,40,60,67.5,53.75,50,75,45.578125,3.12,822,5.95,263
Banfora,Burkina Faso/base/115/01,0,1,3,2,1,2,2,1,1,0,0,,,,0,An. gambiae Kisumu,Interceptor G2,1,1,93,12,0,93,93,12.90322580645161,0,100,100,100,2.96,708,5.48,239
Banfora,Burkina Faso/base/115/01,0,1,3,2,1,2,2,1,1,0,0,,,,1,An. coluzzii VKPER,Interceptor G2,1,5,122,68,65,98,107,55.73770491803278,53.27868852459017,80.32786885245902,87.70491803278688,46.72131147540983,2.96,708,5.48,239
Banfora,Burkina Faso/base/115/02,0,4,7,4,0,5,3,5,4,0,0,,,,1,An. coluzzii VKPER,Interceptor G2,1,5,82,41,16,68,81,50,19.51219512195122,82.92682926829268,98.78048780487805,76.28897807965421,2.79,833,5.99,298
Banfora,Burkina Faso/base/115/02,0,4,7,4,0,5,3,5,4,0,0,,,,0,An. gambiae Kisumu,Interceptor G2,1,1,135,16,0,127,133,11.85185185185185,0,94.07407407407408,98.51851851851852,100,2.79,833,5.99,298
Banfora,Burkina Faso/base/new_ig2,0,,,,,,,,,,,,,,1,An. coluzzii VKPER,Interceptor G2,2,6,136,35,8,131,131,25.73529411764706,5.88235294117647,96.32352941176471,96.32352941176471,94.11764705882352,,,,
Banfora,Burkina Faso/base/new_ig2,0,,,,,,,,,,,,,,1,An. coluzzii VKPER,Interceptor G2,2,6,77,29,29,69,75,37.66233766233766,37.66233766233766,89.6103896103896,97.40259740259741,62.33766233766234,,,,
Banfora,Burkina Faso/base/new_ig2,0,,,,,,,,,,,,,,1,An. coluzzii VKPER,Interceptor G2,2,6,94,82,73,48,62,87.2340425531915,77.6595744680851,51.06382978723404,65.95744680851064,21.36968085106383,,,,
Banfora,Burkina Faso/base/new_ig2,0,,,,,,,,,,,,,,1,An. coluzzii VKPER,Interceptor G2,2,6,108,33,29,104,106,30.55555555555556,26.85185185185185,96.29629629629629,98.14814814814815,73.14814814814814,,,,
Banfora,Burkina Faso/base/new_ig2_1,0,,,,,,,,,,,,,,0,An. gambiae Kisumu,Interceptor G2,2,2,94,43,6,94,94,45.74468085106383,6.382978723404255,100,100,93.61702127659575,,,,
Banfora,Burkina Faso/base/new_ig2_2,0,,,,,,,,,,,,,,0,An. gambiae Kisumu,Interceptor G2,2,2,94,43,6,94,94,45.74468085106383,6.382978723404255,100,100,92.91751675896241,,,,
Banfora,Burkina Faso/base/new_ig2_3,0,,,,,,,,,,,,,,0,An. gambiae Kisumu,Interceptor G2,2,2,103,7,1,103,103,6.796116504854369,.9708737864077669,100,100,99.02912621359224,,,,
Banfora,Burkina Faso/base/new_ig2_3,0,,,,,,,,,,,,,,1,An. coluzzii VKPER,Interceptor G2,2,6,115,54,42,79,88,46.95652173913044,36.52173913043478,68.69565217391305,76.52173913043478,55.6191524490919,,,,
Banfora,Burkina Faso/base/new_ig2_4,0,,,,,,,,,,,,,,0,An. gambiae Kisumu,Interceptor G2,2,2,102,3,0,102,102,2.941176470588235,0,100,100,100,,,,
Banfora,Burkina Faso/base/new_ig2_5,0,,,,,,,,,,,,,,0,An. gambiae Kisumu,Interceptor G2,2,2,94,43,6,94,94,45.74468085106383,6.382978723404255,100,100,92.91751675896241,,,,
Banfora,Burkina Faso/base/new_int,0,,,,,,,,,,,,,,1,An. coluzzii VKPER,Interceptor,3,7,85,38,17,27,37,44.70588235294118,20,31.76470588235294,43.52941176470588,79.75,,,,
Banfora,Burkina Faso/base/new_int,0,,,,,,,,,,,,,,1,An. coluzzii VKPER,Interceptor,3,7,82,35,23,28,46,42.68292682926829,28.04878048780488,34.14634146341464,56.09756097560976,71.95121951219512,,,,
Banfora,Burkina Faso/base/new_int,0,,,,,,,,,,,,,,1,An. coluzzii VKPER,Interceptor,3,7,74,67,57,16,33,90.54054054054053,77.02702702702703,21.62162162162162,44.5945945945946,22.97297297297297,,,,
Banfora,Burkina Faso/base/new_int,0,,,,,,,,,,,,,,1,An. coluzzii VKPER,Interceptor,3,7,112,56,43,56,61,50,38.39285714285715,50,54.46428571428571,61.60714285714286,,,,
Banfora,Burkina Faso/base/new_int_1,0,,,,,,,,,,,,,,0,An. gambiae Kisumu,Interceptor,3,3,115,41,9,113,115,35.65217391304348,7.82608695652174,98.26086956521739,100,92.17391304347827,,,,
Banfora,Burkina Faso/base/new_int_2,0,,,,,,,,,,,,,,0,An. gambiae Kisumu,Interceptor,3,3,100,21,8,100,100,21,8,100,100,91.12328767123287,,,,
Banfora,Burkina Faso/base/new_int_3,0,,,,,,,,,,,,,,0,An. gambiae Kisumu,Interceptor,3,3,114,35,3,114,114,30.70175438596491,2.631578947368421,100,100,97.36842105263158,,,,
Banfora,Burkina Faso/base/new_int_3,0,,,,,,,,,,,,,,1,An. coluzzii VKPER,Interceptor,3,7,64,17,17,27,37,26.5625,26.5625,42.1875,57.8125,67.72151898734177,,,,
Banfora,Burkina Faso/base/new_int_4,0,,,,,,,,,,,,,,0,An. gambiae Kisumu,Interceptor,3,3,95,24,1,93,93,25.26315789473684,1.052631578947368,97.89473684210527,97.89473684210527,98.94736842105263,,,,
Banfora,Burkina Faso/base/new_int_5,0,,,,,,,,,,,,,,0,An. gambiae Kisumu,Interceptor,3,3,100,21,8,100,100,21,8,100,100,91.12328767123287,,,,
Banfora,Burkina Faso/base/new_utr,0,,,,,,,,,,,,,,1,An. coluzzii VKPER,Untreated net,4,8,81,81,80,1,3,100,98.76543209876543,1.234567901234568,3.703703703703703,,,,,
Banfora,Burkina Faso/base/new_utr,0,,,,,,,,,,,,,,1,An. coluzzii VKPER,Untreated net,4,8,91,91,91,8,9,100,100,8.791208791208792,9.890109890109891,,,,,
Banfora,Burkina Faso/base/new_utr,0,,,,,,,,,,,,,,1,An. coluzzii VKPER,Untreated net,4,8,91,91,91,3,4,100,100,3.296703296703297,4.395604395604396,,,,,
Banfora,Burkina Faso/base/new_utr,0,,,,,,,,,,,,,,1,An. coluzzii VKPER,Untreated net,4,8,99,99,99,2,4,100,100,2.02020202020202,4.040404040404041,,,,,
Banfora,Burkina Faso/base/new_utr_1,0,,,,,,,,,,,,,,0,An. gambiae Kisumu,Untreated net,4,4,105,105,105,5,6,100,100,4.761904761904762,5.714285714285714,,,,,
Banfora,Burkina Faso/base/new_utr_2,0,,,,,,,,,,,,,,0,An. gambiae Kisumu,Untreated net,4,4,81,73,73,10,13,90.12345679012346,90.12345679012346,12.34567901234568,16.04938271604938,,,,,
Banfora,Burkina Faso/base/new_utr_3,0,,,,,,,,,,,,,,1,An. coluzzii VKPER,Untreated net,4,8,96,96,79,2,5,100,82.29166666666666,2.083333333333333,5.208333333333334,,,,,
Banfora,Burkina Faso/base/new_utr_3,0,,,,,,,,,,,,,,0,An. gambiae Kisumu,Untreated net,4,4,94,94,94,2,4,100,100,2.127659574468085,4.25531914893617,,,,,
Banfora,Burkina Faso/base/new_utr_4,0,,,,,,,,,,,,,,0,An. gambiae Kisumu,Untreated net,4,4,94,94,94,4,6,100,100,4.25531914893617,6.382978723404255,,,,,
Banfora,Burkina Faso/base/new_utr_5,0,,,,,,,,,,,,,,0,An. gambiae Kisumu,Untreated net,4,4,81,73,73,10,13,90.12345679012346,90.12345679012346,12.34567901234568,16.04938271604938,,,,,
Banfora,Burkina Faso/m12/101/01,1,1,1,1,1,4,3,1,1,1,6,1,1,1,0,An. gambiae Kisumu,Interceptor G2,1,1,96,45,1,96,96,46.729,.873,100,100,99.003,1.759999990463257,76,1.879999995231628,81
Banfora,Burkina Faso/m12/101/01,1,1,1,1,1,4,3,1,1,1,6,1,1,1,1,An. coluzzii VKPER,Interceptor G2,1,5,115,49,29,54,84,42.609,25.217,46.957,73.04300000000001,70.785,1.759999990463257,76,1.879999995231628,81
Banfora,Burkina Faso/m12/101/02,1,1,4,3,1,2,2,1,1,1,10,1,1,2,0,An. gambiae Kisumu,Interceptor G2,1,1,106,29,0,106,106,27.35,.468,100,100,99.46599999999999,2.690000057220459,123,5.670000076293945,260
Banfora,Burkina Faso/m12/101/02,1,1,4,3,1,2,2,1,1,1,10,1,1,2,1,An. coluzzii VKPER,Interceptor G2,1,5,92,68,48,53,75,73.913,52.174,57.609,81.52200000000001,39.555,2.690000057220459,123,5.670000076293945,260
Banfora,Burkina Faso/m12/102/01,1,1,1,1,0,4,3,1,1,0,0,,,,0,An. gambiae Kisumu,Interceptor G2,1,1,108,50,0,108,108,46.218,0,100,100,100,2.650000095367432,117,3.049999952316284,134
Banfora,Burkina Faso/m12/102/01,1,1,1,1,0,4,3,1,1,0,0,,,,1,An. coluzzii VKPER,Interceptor G2,1,5,104,51,21,81,96,49.038,20.192,77.88500000000001,92.30800000000001,76.60599999999999,2.650000095367432,117,3.049999952316284,134
Banfora,Burkina Faso/m12/102/02,1,4,1,1,0,2,2,4,1,1,6,1,1,1,1,An. coluzzii VKPER,Interceptor G2,1,5,92,74,46,68,77,80.435,50,73.913,83.696,42.073,2.410000085830688,110,3.930000066757202,180
Banfora,Burkina Faso/m12/102/02,1,4,1,1,0,2,2,4,1,1,6,1,1,1,0,An. gambiae Kisumu,Interceptor G2,1,1,111,9,0,111,111,8.196999999999999,0,100,100,100,2.410000085830688,110,3.930000066757202,180
Banfora,Burkina Faso/m12/103/01,1,4,7,4,0,5,3,5,4,0,0,,,,0,An. gambiae Kisumu,Interceptor G2,1,1,107,10,0,107,107,9.321999999999999,0,100,100,100,2.859999895095825,121,5.860000133514404,248
Banfora,Burkina Faso/m12/103/01,1,4,7,4,0,5,3,5,4,0,0,,,,1,An. coluzzii VKPER,Interceptor G2,1,5,85,60,36,51,65,70.58799999999999,42.353,60,76.471,50.933,2.859999895095825,121,5.860000133514404,248
Banfora,Burkina Faso/m12/103/02,1,1,1,1,1,4,3,1,1,1,5,2,2,2,0,An. gambiae Kisumu,Interceptor G2,1,1,85,18,0,85,85,20.833,0,100,100,100,2.029999971389771,89,2.390000104904175,104
Banfora,Burkina Faso/m12/103/02,1,1,1,1,1,4,3,1,1,1,5,2,2,2,1,An. coluzzii VKPER,Interceptor G2,1,5,104,56,46,50,60,53.846,44.231,48.077,57.692,48.757,2.029999971389771,89,2.390000104904175,104
Banfora,Burkina Faso/m12/104/01,1,1,1,1,1,1,1,2,2,0,0,,,,0,An. gambiae Kisumu,Interceptor G2,1,1,90,3,0,90,90,2.97,.029,100,100,99.96599999999999,3.009999990463257,141,5.170000076293945,241
Banfora,Burkina Faso/m12/104/01,1,1,1,1,1,1,1,2,2,0,0,,,,1,An. coluzzii VKPER,Interceptor G2,1,5,88,53,20,71,75,60.227,22.727,80.682,85.227,75.248,3.009999990463257,141,5.170000076293945,241
Banfora,Burkina Faso/m12/104/02,1,1,1,1,1,4,3,1,1,1,1,2,2,1,1,An. coluzzii VKPER,Interceptor G2,1,5,78,33,17,60,64,42.308,21.795,76.923,82.051,76.26300000000001,2.480000019073486,105,1.159999966621399,49
Banfora,Burkina Faso/m12/104/02,1,1,1,1,1,4,3,1,1,1,1,2,2,1,0,An. gambiae Kisumu,Interceptor G2,1,1,99,25,0,99,99,25.455,.231,100,100,99.736,2.480000019073486,105,1.159999966621399,49
Banfora,Burkina Faso/m12/105/01,1,4,7,4,0,2,2,5,4,0,0,,,,0,An. gambiae Kisumu,Interceptor G2,1,1,97,18,0,97,97,18.519,0,100,100,100,2.259999990463257,107,3.849999904632568,181
Banfora,Burkina Faso/m12/105/01,1,4,7,4,0,2,2,5,4,0,0,,,,1,An. coluzzii VKPER,Interceptor G2,1,5,82,41,21,53,59,50,25.61,64.634,71.95099999999999,72.108,2.259999990463257,107,3.849999904632568,181
Banfora,Burkina Faso/m12/105/02,1,1,1,1,1,2,2,1,1,1,6,1,1,1,1,An. coluzzii VKPER,Interceptor G2,1,5,99,37,16,33,36,37.374,16.162,33.333,36.364,82.398,2.519999980926514,116,4.570000171661377,210
Banfora,Burkina Faso/m12/105/02,1,1,1,1,1,2,2,1,1,1,6,1,1,1,0,An. gambiae Kisumu,Interceptor G2,1,1,110,49,0,110,110,44.628,0,100,100,100,2.519999980926514,116,4.570000171661377,210
Banfora,Burkina Faso/m12/106/01,1,2,1,1,1,1,1,1,1,1,1,1,1,1,1,An. coluzzii VKPER,Interceptor G2,1,5,116,57,47,73,84,49.138,40.517,62.931,72.414,55.872,1.379999995231628,63,.9800000190734863,45
Banfora,Burkina Faso/m12/106/01,1,2,1,1,1,1,1,1,1,1,1,1,1,1,0,An. gambiae Kisumu,Interceptor G2,1,1,98,50,2,98,98,51.376,2.357,100,100,96.843,1.379999995231628,63,.9800000190734863,45
Banfora,Burkina Faso/m12/106/02,1,1,1,1,1,4,3,1,1,1,2,1,1,2,1,An. coluzzii VKPER,Interceptor G2,1,5,108,84,81,61,80,77.77800000000001,75,56.481,74.074,18.317,2.589999914169312,121,4.199999809265137,196
Banfora,Burkina Faso/m12/106/02,1,1,1,1,1,4,3,1,1,1,2,1,1,2,0,An. gambiae Kisumu,Interceptor G2,1,1,98,40,0,98,98,40.367,.37,100,100,99.504,2.589999914169312,121,4.199999809265137,196
Banfora,Burkina Faso/m12/107/01,1,1,1,1,1,2,2,1,1,1,2,1,1,2,0,An. gambiae Kisumu,Interceptor G2,1,1,96,41,1,96,96,42.991,1.205,100,100,98.38500000000001,2.650000095367432,123,4.25,197
Banfora,Burkina Faso/m12/107/01,1,1,1,1,1,2,2,1,1,1,2,1,1,2,1,An. coluzzii VKPER,Interceptor G2,1,5,110,66,71,53,68,60,64.545,48.182,61.818,29.703,2.650000095367432,123,4.25,197
Banfora,Burkina Faso/m12/107/02,1,1,3,2,1,4,3,1,1,1,1,2,2,1,0,An. gambiae Kisumu,Interceptor G2,1,1,111,58,2,109,109,52.459,1.72,98.19799999999999,98.19799999999999,97.696,2.509999990463257,113,4.559999942779541,206
Banfora,Burkina Faso/m12/107/02,1,1,3,2,1,4,3,1,1,1,1,2,2,1,1,An. coluzzii VKPER,Interceptor G2,1,5,87,44,16,46,50,50.575,18.391,52.874,57.471,79.97,2.509999990463257,113,4.559999942779541,206
Banfora,Burkina Faso/m12/108/01,1,1,4,3,1,2,2,1,2,1,1,1,1,1,0,An. gambiae Kisumu,Interceptor G2,1,1,113,32,0,113,113,28.226,0,100,100,100,2.230000019073486,103,3.170000076293945,147
Banfora,Burkina Faso/m12/108/01,1,1,4,3,1,2,2,1,2,1,1,1,1,1,1,An. coluzzii VKPER,Interceptor G2,1,5,104,40,62,45,50,38.462,59.615,43.269,48.077,39.249,2.230000019073486,103,3.170000076293945,147
Banfora,Burkina Faso/m12/108/02,1,1,1,1,1,2,2,1,1,1,1,1,1,1,1,An. coluzzii VKPER,Interceptor G2,1,5,110,73,42,66,72,66.364,38.182,60,65.455,61.091,2.029999971389771,92,2.960000038146973,134
Banfora,Burkina Faso/m12/108/02,1,1,1,1,1,2,2,1,1,1,1,1,1,1,0,An. gambiae Kisumu,Interceptor G2,1,1,108,58,1,108,108,53.782,1.356,100,100,98.184,2.029999971389771,92,2.960000038146973,134
Banfora,Burkina Faso/m12/109/01,1,1,3,2,1,4,3,1,1,1,2,1,1,2,1,An. coluzzii VKPER,Interceptor G2,1,5,99,60,50,52,66,60.606,50.505,52.525,66.667,48.533,2.769999980926514,126,4.25,193
Banfora,Burkina Faso/m12/109/01,1,1,3,2,1,4,3,1,1,1,2,1,1,2,0,An. gambiae Kisumu,Interceptor G2,1,1,115,63,0,115,115,55.147,0,100,100,100,2.769999980926514,126,4.25,193
Banfora,Burkina Faso/m12/109/02,1,1,3,2,1,2,2,1,1,1,1,1,1,1,1,An. coluzzii VKPER,Interceptor G2,1,5,103,49,41,88,103,47.573,39.806,85.437,100,59.436,2.390000104904175,107,4.139999866485596,186
Banfora,Burkina Faso/m12/109/02,1,1,3,2,1,2,2,1,1,1,1,1,1,1,0,An. gambiae Kisumu,Interceptor G2,1,1,95,34,2,95,95,35.849,2.367,100,100,96.82899999999999,2.390000104904175,107,4.139999866485596,186
Banfora,Burkina Faso/m12/110/01,1,1,1,1,1,4,3,2,2,1,1,2,2,1,1,An. coluzzii VKPER,Interceptor G2,1,5,115,83,73,51,56,72.17400000000001,63.478,44.348,48.696,35.313,2.339999914169312,99,2.950000047683716,125
Banfora,Burkina Faso/m12/110/01,1,1,1,1,1,4,3,2,2,1,1,2,2,1,0,An. gambiae Kisumu,Interceptor G2,1,1,96,25,0,96,96,26.168,0,100,100,100,2.339999914169312,99,2.950000047683716,125
Banfora,Burkina Faso/m12/110/02,1,1,1,1,1,4,3,1,1,0,0,,,,1,An. coluzzii VKPER,Interceptor G2,1,5,101,61,74,36,41,60.396,73.267,35.644,40.594,25.337,1.539999961853027,70,1.299999952316284,60
Banfora,Burkina Faso/m12/110/02,1,1,1,1,1,4,3,1,1,0,0,,,,0,An. gambiae Kisumu,Interceptor G2,1,1,113,56,1,113,113,49.194,.793,100,100,98.937,1.539999961853027,70,1.299999952316284,60
Banfora,Burkina Faso/m12/111/01,1,1,3,2,1,3,3,1,2,1,1,2,2,2,0,An. gambiae Kisumu,Interceptor G2,1,1,104,52,1,104,104,50.37,.746,100,100,98.446,2.160000085830688,91,3.140000104904175,132
Banfora,Burkina Faso/m12/111/01,1,1,3,2,1,3,3,1,2,1,1,2,2,2,1,An. coluzzii VKPER,Interceptor G2,1,5,105,36,31,40,60,34.286,29.524,38.095,57.143,69.914,2.160000085830688,91,3.140000104904175,132
Banfora,Burkina Faso/m12/111/02,1,1,3,2,1,4,3,1,1,0,0,,,,1,An. coluzzii VKPER,Interceptor G2,1,5,79,35,59,28,35,44.304,74.684,35.443,44.304,23.894,2.369999885559082,110,3.410000085830688,159
Banfora,Burkina Faso/m12/111/02,1,1,3,2,1,4,3,1,1,0,0,,,,0,An. gambiae Kisumu,Interceptor G2,1,1,109,73,2,109,109,67.333,1.796,100,100,96.262,2.369999885559082,110,3.410000085830688,159
Banfora,Burkina Faso/m12/112/01,1,1,1,1,1,4,3,1,1,0,0,,,,1,An. coluzzii VKPER,Interceptor G2,1,5,105,34,44,46,62,32.381,41.905,43.81,59.048,54.664,2.569999933242798,119,4.389999866485596,204
Banfora,Burkina Faso/m12/112/01,1,1,1,1,1,4,3,1,1,0,0,,,,0,An. gambiae Kisumu,Interceptor G2,1,1,104,55,1,104,104,52.593,1.169,100,100,97.56699999999999,2.569999933242798,119,4.389999866485596,204
Banfora,Burkina Faso/m12/112/02,1,1,1,1,1,2,2,1,1,1,1,1,1,1,1,An. coluzzii VKPER,Interceptor G2,1,5,105,45,57,66,84,42.857,54.286,62.857,80,41.269,2.710000038146973,120,4.78000020980835,211
Banfora,Burkina Faso/m12/112/02,1,1,1,1,1,2,2,1,1,1,1,1,1,1,0,An. gambiae Kisumu,Interceptor G2,1,1,99,68,13,99,99,68.462,12.639,100,100,73.687,2.710000038146973,120,4.78000020980835,211
Banfora,Burkina Faso/m12/113/01,1,1,1,1,1,4,3,1,1,0,0,,,,1,An. coluzzii VKPER,Interceptor G2,1,5,92,44,47,53,72,47.826,51.087,57.609,78.261,44.73,2.859999895095825,126,5.489999771118164,242
Banfora,Burkina Faso/m12/113/01,1,1,1,1,1,4,3,1,1,0,0,,,,0,An. gambiae Kisumu,Interceptor G2,1,1,95,34,1,95,95,35.849,1.015,100,100,97.88800000000001,2.859999895095825,126,5.489999771118164,242
Banfora,Burkina Faso/m12/113/02,1,1,1,1,1,4,3,1,1,1,8,1,1,1,0,An. gambiae Kisumu,Interceptor G2,1,1,81,33,0,81,81,41.304,0,100,100,100,2,96,1.059999942779541,51
Banfora,Burkina Faso/m12/113/02,1,1,1,1,1,4,3,1,1,1,8,1,1,1,1,An. coluzzii VKPER,Interceptor G2,1,5,110,29,33,29,38,26.364,30,26.364,34.545,67.54300000000001,2,96,1.059999942779541,51
Banfora,Burkina Faso/m12/114/01,1,1,1,1,1,2,2,1,1,1,4,1,1,1,0,An. gambiae Kisumu,Interceptor G2,1,1,115,54,1,115,115,46.825,.743,100,100,98.453,2.25,99,3.549999952316284,156
Banfora,Burkina Faso/m12/114/01,1,1,1,1,1,2,2,1,1,1,4,1,1,1,1,An. coluzzii VKPER,Interceptor G2,1,5,94,21,8,66,78,22.34,8.510999999999999,70.21299999999999,82.979,90.792,2.25,99,3.549999952316284,156
Banfora,Burkina Faso/m12/114/02,1,4,7,4,0,5,3,5,4,0,0,,,,1,An. coluzzii VKPER,Interceptor G2,1,5,92,60,55,57,63,65.217,59.783,61.957,68.47799999999999,35.322,2.309999942779541,100,3.980000019073486,172
Banfora,Burkina Faso/m12/114/02,1,4,7,4,0,5,3,5,4,0,0,,,,0,An. gambiae Kisumu,Interceptor G2,1,1,95,39,1,95,95,41.509,1.175,100,100,97.554,2.309999942779541,100,3.980000019073486,172
Banfora,Burkina Faso/m12/115/01,1,1,1,1,1,2,2,2,2,0,0,,,,1,An. coluzzii VKPER,Interceptor G2,1,5,103,24,32,23,33,23.301,31.068,22.33,32.039,66.38800000000001,.6600000262260437,32,.9200000166893005,45
Banfora,Burkina Faso/m12/115/01,1,1,1,1,1,2,2,2,2,0,0,,,,0,An. gambiae Kisumu,Interceptor G2,1,1,97,46,0,97,97,47.222,.437,100,100,99.09,.6600000262260437,32,.9200000166893005,45
Banfora,Burkina Faso/m12/115/02,1,4,3,2,0,3,3,3,2,1,1,2,2,1,0,An. gambiae Kisumu,Interceptor G2,1,1,107,51,9,83,83,47.826,7.971,77.56999999999999,77.56999999999999,83.405,2.599999904632568,117,5.099999904632568,230
Banfora,Burkina Faso/m12/115/02,1,4,3,2,0,3,3,3,2,1,1,2,2,1,1,An. coluzzii VKPER,Interceptor G2,1,5,119,42,31,85,87,35.294,26.05,71.429,73.10899999999999,71.816,2.599999904632568,117,5.099999904632568,230
Banfora,Burkina Faso/m12/Ig2/B01/P1/New,1,,,,,,,,,,,,,,1,An. coluzzii VKPER,Interceptor G2,2,6,104,31,2,84,104,29.808,1.923,80.76900000000001,100,97.77200000000001,,,,
Banfora,Burkina Faso/m12/Ig2/B01/P1/New,1,,,,,,,,,,,,,,0,An. gambiae Kisumu,Interceptor G2,2,2,113,32,0,113,113,28.226,0,100,100,100,,,,
Banfora,Burkina Faso/m12/Ig2/B01/P10/New,1,,,,,,,,,,,,,,1,An. coluzzii VKPER,Interceptor G2,2,6,115,35,23,105,112,30.435,20,91.304,97.39100000000001,78.36199999999999,,,,
Banfora,Burkina Faso/m12/Ig2/B01/P2/New,1,,,,,,,,,,,,,,0,An. gambiae Kisumu,Interceptor G2,2,2,85,8,0,85,85,9.375,0,100,100,100,,,,
Banfora,Burkina Faso/m12/Ig2/B01/P2/New,1,,,,,,,,,,,,,,1,An. coluzzii VKPER,Interceptor G2,2,6,76,52,17,59,64,68.42100000000001,22.368,77.63200000000001,84.211,74.08499999999999,,,,
Banfora,Burkina Faso/m12/Ig2/B01/P3/New,1,,,,,,,,,,,,,,0,An. gambiae Kisumu,Interceptor G2,2,2,80,11,0,80,80,13.187,0,100,100,100,,,,
Banfora,Burkina Faso/m12/Ig2/B01/P3/New,1,,,,,,,,,,,,,,1,An. coluzzii VKPER,Interceptor G2,2,6,80,42,42,57,63,52.5,52.5,71.25,78.75,39.177,,,,
Banfora,Burkina Faso/m12/Ig2/B01/P4/New,1,,,,,,,,,,,,,,1,An. coluzzii VKPER,Interceptor G2,2,6,119,55,18,73,83,46.218,15.126,61.345,69.748,83.526,,,,
Banfora,Burkina Faso/m12/Ig2/B01/P5/New,1,,,,,,,,,,,,,,1,An. coluzzii VKPER,Interceptor G2,2,6,93,17,6,44,49,18.28,6.452,47.312,52.688,92.973,,,,
Banfora,Burkina Faso/m12/Ig2/B01/P6/New,1,,,,,,,,,,,,,,1,An. coluzzii VKPER,Interceptor G2,2,6,91,32,55,39,48,35.165,60.44,42.857,52.747,38.409,,,,
Banfora,Burkina Faso/m12/Ig2/B01/P7/New,1,,,,,,,,,,,,,,1,An. coluzzii VKPER,Interceptor G2,2,6,106,46,9,100,102,43.396,8.491,94.34,96.226,91.348,,,,
Banfora,Burkina Faso/m12/Ig2/B01/P8/New,1,,,,,,,,,,,,,,1,An. coluzzii VKPER,Interceptor G2,2,6,93,23,32,83,86,24.731,34.409,89.247,92.473,64.93600000000001,,,,
Banfora,Burkina Faso/m12/Ig2/B01/P9/New,1,,,,,,,,,,,,,,1,An. coluzzii VKPER,Interceptor G2,2,6,93,30,28,74,85,32.258,30.108,79.56999999999999,91.398,67.42700000000001,,,,
Banfora,Burkina Faso/m12/new_int,1,,,,,,,,,,,,,,0,An. gambiae Kisumu,Interceptor,3,3,103,47,0,103,103,45.614,0,100,100,100,,,,
Banfora,Burkina Faso/m12/new_int1,1,,,,,,,,,,,,,,1,An. coluzzii VKPER,Interceptor,3,7,110,89,21,43,47,80.90900000000001,19.091,39.091,42.727,77.88200000000001,,,,
Banfora,Burkina Faso/m12/new_int2,1,,,,,,,,,,,,,,1,An. coluzzii VKPER,Interceptor,3,7,78,46,5,42,49,58.974,6.41,53.846,62.821,93.01900000000001,,,,
Banfora,Burkina Faso/m12/new_int3,1,,,,,,,,,,,,,,1,An. coluzzii VKPER,Interceptor,3,7,103,62,54,70,76,60.194,52.427,67.961,73.786,46.574,,,,
Banfora,Burkina Faso/m12/new_int4,1,,,,,,,,,,,,,,1,An. coluzzii VKPER,Interceptor,3,7,97,88,67,76,89,90.72199999999999,69.072,78.351,91.753,25.272,,,,
Banfora,Burkina Faso/m12/new_utr,1,,,,,,,,,,,,,,1,An. coluzzii VKPER,Untreated net,4,8,107,104,105,1,2,97.196,98.131,.9350000000000001,1.869,,,,,
Banfora,Burkina Faso/m12/new_utr,1,,,,,,,,,,,,,,1,An. coluzzii VKPER,Untreated net,4,8,95,83,82,1,2,87.368,86.316,1.053,2.105,,,,,
Banfora,Burkina Faso/m12/new_utr,1,,,,,,,,,,,,,,1,An. coluzzii VKPER,Untreated net,4,8,110,65,102,1,1,59.091,92.727,.909,.909,,,,,
Banfora,Burkina Faso/m12/new_utr,1,,,,,,,,,,,,,,1,An. coluzzii VKPER,Untreated net,4,8,89,77,82,0,1,86.517,92.13500000000001,0,1.124,,,,,
Banfora,Burkina Faso/m12/new_utr,1,,,,,,,,,,,,,,1,An. coluzzii VKPER,Untreated net,4,8,110,98,101,1,2,89.09099999999999,91.818,.909,1.818,,,,,
Banfora,Burkina Faso/m12/new_utr1,1,,,,,,,,,,,,,,0,An. gambiae Kisumu,Untreated net,4,4,100,89,88,5,6,89.18899999999999,87.58199999999999,5,6,,,,,
Banfora,Burkina Faso/m12/new_utr2,1,,,,,,,,,,,,,,0,An. gambiae Kisumu,Untreated net,4,4,94,81,73,4,5,86.667,77.587,4.255,5.319,,,,,
Banfora,Burkina Faso/m12/new_utr3,1,,,,,,,,,,,,,,0,An. gambiae Kisumu,Untreated net,4,4,100,85,72,2,5,84.685,71.715,2,5,,,,,
Banfora,Burkina Faso/m12/new_utr4,1,,,,,,,,,,,,,,0,An. gambiae Kisumu,Untreated net,4,4,91,46,46,1,6,50,50,1.099,6.593,,,,,
Banfora,Burkina Faso/m12/new_utr5,1,,,,,,,,,,,,,,0,An. gambiae Kisumu,Untreated net,4,4,89,63,41,1,2,71,46.067,1.124,2.247,,,,,
Banfora,Burkina Faso/m24/102/01,2,1,3,2,1,1,1,1,1,1,5,1,1,2,1,An. coluzzii VKPER,Interceptor G2,1,5,94,49,49,36,53,52.12765884399414,52.12765957446809,38.29787234042553,56.38297872340425,43.60373663012017,2.112957868872668,98.50609584684376,2.484547071142184,115.8295844566486
Banfora,Burkina Faso/m24/102/01,2,1,3,2,1,1,1,1,1,1,5,1,1,2,0,An. gambiae Kisumu,Interceptor G2,1,1,86,36,10,86,0,41.86046511627907,11.62790697674419,100,0,75.7921936624507,2.112957868872668,98.50609584684376,2.484547071142184,115.8295844566486
Banfora,Burkina Faso/m24/102/02,2,1,4,3,1,1,1,1,1,1,3,1,1,2,1,An. coluzzii VKPER,Interceptor G2,1,5,96,41,35,77,91,42.70833206176758,36.45833333333333,80.20833333333334,94.79166666666666,60.55618484547096,.8301180643709019,38.35975575457937,.1905517273697518,8.80539532175623
Banfora,Burkina Faso/m24/102/02,2,1,4,3,1,1,1,1,1,1,3,1,1,2,0,An. gambiae Kisumu,Interceptor G2,1,1,100,42,4,100,0,42,4,100,0,91.67251461988303,.8301180643709019,38.35975575457937,.1905517273697518,8.80539532175623
Banfora,Burkina Faso/m24/103/01,2,1,1,1,1,4,3,1,1,0,0,,,,0,An. gambiae Kisumu,Interceptor G2,1,1,97,24,4,97,0,24.74226804123711,4.123711340206185,100,0,91.41496352565261,2.508108121391529,111.5355681582813,4.608459182509582,204.9381798462011
Banfora,Burkina Faso/m24/103/01,2,1,1,1,1,4,3,1,1,0,0,,,,1,An. coluzzii VKPER,Interceptor G2,1,5,108,50,37,81,89,46.29629516601563,34.25925925925926,75,82.4074074074074,62.93533560082349,2.508108121391529,111.5355681582813,4.608459182509582,204.9381798462011
Banfora,Burkina Faso/m24/103/02,2,1,1,1,1,2,2,1,1,1,2,1,1,2,1,An. coluzzii VKPER,Interceptor G2,1,5,92,23,23,77,87,25,25,83.69565217391305,94.56521739130434,72.9528124654658,2.056951191943852,91.49318901766253,2.550323697486534,113.438398064201
Banfora,Burkina Faso/m24/103/02,2,1,1,1,1,2,2,1,1,1,2,1,1,2,0,An. gambiae Kisumu,Interceptor G2,1,1,96,7,4,96,0,7.291666666666667,4.166666666666666,100,0,91.32553606237816,2.056951191943852,91.49318901766253,2.550323697486534,113.438398064201
Banfora,Burkina Faso/m24/104/01,2,2,1,1,1,2,2,1,1,1,2,1,1,1,0,An. gambiae Kisumu,Interceptor G2,1,1,107,22,6,105,0,20.5607476635514,5.607476635514018,98.13084112149532,0,88.32595507460239,2.335341838957927,100.1861648912951,1.599193708667904,68.6054101018531
Banfora,Burkina Faso/m24/104/01,2,2,1,1,1,2,2,1,1,1,2,1,1,1,1,An. coluzzii VKPER,Interceptor G2,1,5,96,71,61,54,69,73.95833587646484,63.54166666666666,56.25,71.875,31.25506501639225,2.335341838957927,100.1861648912951,1.599193708667904,68.6054101018531
Banfora,Burkina Faso/m24/104/02,2,1,2,1,1,1,1,1,1,1,1,1,1,1,0,An. gambiae Kisumu,Interceptor G2,1,1,84,23,1,84,0,27.38095238095238,1.19047619047619,100,0,97.52158173210805,2.421845776272533,107.2877678888732,2.133290260443538,94.50475853764871
Banfora,Burkina Faso/m24/104/02,2,1,2,1,1,1,1,1,1,1,1,1,1,1,1,An. coluzzii VKPER,Interceptor G2,1,5,101,15,10,99,100,14.85148525238037,9.900990099009901,98.01980198019803,99.00990099009901,89.28824256058051,2.421845776272533,107.2877678888732,2.133290260443538,94.50475853764871
Banfora,Burkina Faso/m24/106/01,2,1,3,2,1,1,1,1,1,1,2,2,2,2,1,An. coluzzii VKPER,Interceptor G2,1,5,99,32,23,68,81,32.3232307434082,23.23232323232323,68.68686868686868,81.81818181818183,74.8652398668975,2.48425222365891,116.9834372120981,2.308158057993364,108.6911629509075
Banfora,Burkina Faso/m24/106/01,2,1,3,2,1,1,1,1,1,1,2,2,2,2,0,An. gambiae Kisumu,Interceptor G2,1,1,111,46,12,111,0,41.44144144144144,10.81081081081081,100,0,77.49328275644065,2.48425222365891,116.9834372120981,2.308158057993364,108.6911629509075
Banfora,Burkina Faso/m24/106/02,2,1,1,1,1,4,3,1,1,1,5,1,1,2,1,An. coluzzii VKPER,Interceptor G2,1,5,103,40,32,41,61,38.83495330810547,31.06796116504854,39.80582524271845,59.22330097087378,66.38796112213225,2.558242579430906,114.558102706916,1.766197380558662,79.09031870141688
Banfora,Burkina Faso/m24/106/02,2,1,1,1,1,4,3,1,1,1,5,1,1,2,0,An. gambiae Kisumu,Interceptor G2,1,1,123,32,14,123,0,26.01626016260163,11.38211382113821,100,0,76.30390338991108,2.558242579430906,114.558102706916,1.766197380558662,79.09031870141688
Banfora,Burkina Faso/m24/107/01,2,2,2,1,1,4,3,1,1,1,3,2,2,2,0,An. gambiae Kisumu,Interceptor G2,1,1,117,45,32,116,0,38.46153846153847,27.35042735042735,99.14529914529915,0,43.0599290248413,.8257501022609692,37.90192969377848,.511512231851021,23.47841144196186
Banfora,Burkina Faso/m24/107/01,2,2,2,1,1,4,3,1,1,1,3,2,2,2,1,An. coluzzii VKPER,Interceptor G2,1,5,99,51,48,35,46,51.51515197753906,48.48484848484848,35.35353535353536,46.46464646464646,47.54484841787306,.8257501022609692,37.90192969377848,.511512231851021,23.47841144196186
Banfora,Burkina Faso/m24/107/02,2,2,4,3,1,1,1,1,1,1,3,2,2,1,1,An. coluzzii VKPER,Interceptor G2,1,5,77,46,35,36,53,59.74026107788086,45.45454545454545,46.75324675324675,68.83116883116884,50.82329539175601,2.207420309643965,109.7529377954979,2.110360579831257,104.9271280292101
Banfora,Burkina Faso/m24/107/02,2,2,4,3,1,1,1,1,1,1,3,2,2,1,0,An. gambiae Kisumu,Interceptor G2,1,1,115,69,47,115,0,60,40.8695652173913,100,0,14.91482329010933,2.207420309643965,109.7529377954979,2.110360579831257,104.9271280292101
Banfora,Burkina Faso/m24/108/01,2,2,4,3,1,1,1,1,1,1,3,2,2,1,1,An. coluzzii VKPER,.,1,5,96,51,53,45,64,53.125,55.20833333333334,46.875,66.66666666666666,40.2707941945703,1.474277917158331,75.74839938359506,1.505665564937664,77.36109672649715
Banfora,Burkina Faso/m24/108/01,2,2,4,3,1,1,1,1,1,1,3,2,2,1,0,An. gambiae Kisumu,Interceptor G2,1,1,105,40,8,105,0,38.09523809523809,7.61904761904762,100,0,84.13812308549151,1.474277917158331,75.74839938359506,1.505665564937664,77.36109672649715
Banfora,Burkina Faso/m24/108/02,2,2,4,3,1,1,1,1,1,1,2,1,1,2,0,An. gambiae Kisumu,Interceptor G2,1,1,123,63,33,123,0,51.21951219512195,26.82926829268293,100,0,44.14491513336185,1.114315743794775,53.48715570214921,.7126535814145899,34.20737190790032
Banfora,Burkina Faso/m24/108/02,2,2,4,3,1,1,1,1,1,1,2,1,1,2,1,An. coluzzii VKPER,Interceptor G2,1,5,81,59,57,22,35,72.83950805664063,70.37037037037037,27.16049382716049,43.20987654320987,23.86717582871854,1.114315743794775,53.48715570214921,.7126535814145899,34.20737190790032
Banfora,Burkina Faso/m24/109/01,2,2,2,1,1,2,2,1,1,1,3,2,2,1,0,An. gambiae Kisumu,Interceptor G2,1,1,98,27,42,97,0,27.55102040816326,42.85714285714285,98.9795918367347,0,10.77694235588973,1.754083668267697,80.93342045387153,3.743590580177772,172.7292693694024
Banfora,Burkina Faso/m24/109/01,2,2,2,1,1,2,2,1,1,1,3,2,2,1,1,An. coluzzii VKPER,Interceptor G2,1,5,112,36,31,89,101,32.14285659790039,27.67857142857143,79.46428571428571,90.17857142857143,70.05489951533713,1.754083668267697,80.93342045387153,3.743590580177772,172.7292693694024
Banfora,Burkina Faso/m24/109/02,2,2,3,2,1,4,3,1,1,1,3,2,2,1,0,An. gambiae Kisumu,Interceptor G2,1,1,108,33,31,107,0,30.55555555555556,28.7037037037037,99.07407407407408,0,40.2425817630496,1.99423640310113,92.19354891536524,3.173196140908747,146.6968575942114
Banfora,Burkina Faso/m24/109/02,2,2,3,2,1,4,3,1,1,1,3,2,2,1,1,An. coluzzii VKPER,Interceptor G2,1,5,96,43,11,69,92,44.79166793823242,11.45833333333333,71.875,95.83333333333334,87.60337238000517,1.99423640310113,92.19354891536524,3.173196140908747,146.6968575942114
Banfora,Burkina Faso/m24/110/01,2,1,1,1,1,1,1,1,1,1,2,1,1,2,0,An. gambiae Kisumu,Interceptor G2,1,1,103,27,42,92,0,26.21359223300971,40.77669902912621,89.32038834951457,0,15.10815874638051,.4868231945546286,20.59262112966079,.0748838190973365,3.167585547817334
Banfora,Burkina Faso/m24/110/01,2,1,1,1,1,1,1,1,1,1,2,1,1,2,1,An. coluzzii VKPER,Interceptor G2,1,5,99,49,42,5,15,49.49494934082031,42.42424242424242,5.05050505050505,15.15151515151515,54.10174236563894,.4868231945546286,20.59262112966079,.0748838190973365,3.167585547817334
Banfora,Burkina Faso/m24/110/02,2,1,1,1,1,4,3,1,1,1,3,1,1,2,0,An. gambiae Kisumu,Interceptor G2,1,1,97,55,51,86,0,56.70103092783505,52.57731958762887,88.65979381443299,0,-9.459215047929126,.8538645032535919,36.83571467035996,.4038894745095898,17.4237919303437
Banfora,Burkina Faso/m24/110/02,2,1,1,1,1,4,3,1,1,1,3,1,1,2,1,An. coluzzii VKPER,Interceptor G2,1,5,99,69,69,8,12,69.69696807861328,69.6969696969697,8.080808080808081,12.12121212121212,24.59571960069252,.8538645032535919,36.83571467035996,.4038894745095898,17.4237919303437
Banfora,Burkina Faso/m24/112/01,2,1,4,3,1,4,3,1,2,0,0,,,,0,An. gambiae Kisumu,Interceptor G2,1,1,128,83,76,126,0,64.84375,59.375,98.4375,0,-23.61111111111111,2.475258010007996,115.3470232663726,3.255099787139421,151.687650080697
Banfora,Burkina Faso/m24/112/01,2,1,4,3,1,4,3,1,2,0,0,,,,1,An. coluzzii VKPER,Interceptor G2,1,5,107,35,6,77,101,32.71028137207031,5.607476635514018,71.96261682242991,94.39252336448598,93.93334111374934,2.475258010007996,115.3470232663726,3.255099787139421,151.687650080697
Banfora,Burkina Faso/m24/112/02,2,1,4,3,1,2,2,1,2,1,1,1,1,1,1,An. coluzzii VKPER,Interceptor G2,1,5,93,14,4,65,87,15.0537633895874,4.301075268817205,69.89247311827957,93.54838709677419,95.34672042416615,2.319297022916506,102.582507323597,2.854362197605592,126.2484400000953
Banfora,Burkina Faso/m24/112/02,2,1,4,3,1,2,2,1,2,1,1,1,1,1,0,An. gambiae Kisumu,Interceptor G2,1,1,93,54,30,93,0,58.06451612903226,32.25806451612903,100,0,32.84285983776646,2.319297022916506,102.582507323597,2.854362197605592,126.2484400000953
Banfora,Burkina Faso/m24/113/01,2,1,1,1,1,2,2,1,2,1,1,1,1,1,1,An. coluzzii VKPER,Interceptor G2,1,5,85,60,20,69,80,70.58823394775391,23.52941176470588,81.17647058823529,94.11764705882352,74.54382349690898,2.485891091182442,116.2154085127791,3.759119257165653,175.7388252724943
Banfora,Burkina Faso/m24/113/01,2,1,1,1,1,2,2,1,2,1,1,1,1,1,0,An. gambiae Kisumu,Interceptor G2,1,1,94,72,48,94,0,76.59574468085107,51.06382978723404,100,0,-6.308324001493104,2.485891091182442,116.2154085127791,3.759119257165653,175.7388252724943
Banfora,Burkina Faso/m24/113/02,2,1,1,1,1,4,3,1,2,1,4,1,1,1,0,An. gambiae Kisumu,Interceptor G2,1,1,83,43,5,83,0,51.80722891566265,6.024096385542169,100,0,87.45860635524554,2.456613823865964,116.2960984218147,2.961274301658535,140.186725440515
Banfora,Burkina Faso/m24/113/02,2,1,1,1,1,4,3,1,2,1,4,1,1,1,1,An. coluzzii VKPER,Interceptor G2,1,5,84,12,5,67,76,14.2857141494751,5.952380952380952,79.76190476190477,90.47619047619048,93.56019344415853,2.456613823865964,116.2960984218147,2.961274301658535,140.186725440515
Banfora,Burkina Faso/m24/114/01,2,1,4,3,1,1,1,1,1,1,3,1,1,1,1,An. coluzzii VKPER,Interceptor G2,1,5,84,24,25,56,80,28.5714282989502,29.76190476190476,66.66666666666666,95.23809523809523,67.80096722079261,1.965804263407007,95.18424243416726,1.226006359267033,59.36322791570973
Banfora,Burkina Faso/m24/114/01,2,1,4,3,1,1,1,1,1,1,3,1,1,1,0,An. gambiae Kisumu,Interceptor G2,1,1,106,58,47,106,0,54.71698113207547,44.33962264150944,100,0,7.690610173231816,1.965804263407007,95.18424243416726,1.226006359267033,59.36322791570973
Banfora,Burkina Faso/m24/114/02,2,1,4,3,1,1,1,1,1,1,3,1,1,2,1,An. coluzzii VKPER,Interceptor G2,1,5,78,33,31,26,38,42.30769348144531,39.74358974358974,33.33333333333333,48.71794871794872,57.00190699638152,2.642548736777154,119.9981381370506,3.435236940774732,155.9941094805806
Banfora,Burkina Faso/m24/114/02,2,1,4,3,1,1,1,1,1,1,3,1,1,2,0,An. gambiae Kisumu,Interceptor G2,1,1,97,43,17,97,0,44.32989690721649,17.52577319587629,100,0,63.51359498402363,2.642548736777154,119.9981381370506,3.435236940774732,155.9941094805806
Banfora,Burkina Faso/m24/115/01,2,2,3,2,1,4,3,2,2,1,2,4,3,1,0,An. gambiae Kisumu,Interceptor G2,1,1,91,37,20,91,0,40.65934065934066,21.97802197802198,100,0,54.2445858235332,3.069678567221659,139.6396780229133,5.358301681612116,243.7491434965352
Banfora,Burkina Faso/m24/115/01,2,2,3,2,1,4,3,2,2,1,2,4,3,1,1,An. coluzzii VKPER,Interceptor G2,1,5,98,63,42,65,74,64.28571319580078,42.85714285714285,66.32653061224489,75.51020408163265,53.63339279794137,3.069678567221659,139.6396780229133,5.358301681612116,243.7491434965352
Banfora,Burkina Faso/m24/115/02,2,3,3,2,0,2,2,4,2,1,1,1,1,1,0,An. gambiae Kisumu,Interceptor G2,1,1,75,16,10,75,0,21.33333333333334,13.33333333333333,100,0,72.24171539961013,1.42690292167551,57.50418774352306,.2547068664428883,10.2646867176484
Banfora,Burkina Faso/m24/115/02,2,3,3,2,0,2,2,4,2,1,1,1,1,1,1,An. coluzzii VKPER,Interceptor G2,1,5,104,56,48,48,54,53.84615325927734,46.15384615384615,46.15384615384615,51.92307692307693,50.06673070547532,1.42690292167551,57.50418774352306,.2547068664428883,10.2646867176484
Banfora,Burkina Faso/m24/new_ig2_1,2,,,,,,,,,,,,,,0,An. gambiae Kisumu,Interceptor G2,2,2,111,63,15,111,0,56.75675675675676,13.51351351351351,100,0,71.86660344555081,,,,
Banfora,Burkina Faso/m24/new_ig2_1,2,,,,,,,,,,,,,,1,An. coluzzii VKPER,Interceptor G2,2,6,94,59,51,63,93,62.76595687866211,54.25531914893617,67.02127659574468,98.93617021276596,41.30184832930875,,,,
Banfora,Burkina Faso/m24/new_ig2_2,2,,,,,,,,,,,,,,1,An. coluzzii VKPER,Interceptor G2,2,6,90,28,23,72,82,31.11111068725586,25.55555555555555,80,91.11111111111111,72.35176385358726,,,,
Banfora,Burkina Faso/m24/new_ig2_2,2,,,,,,,,,,,,,,0,An. gambiae Kisumu,Interceptor G2,2,2,107,60,41,106,0,56.07476635514018,38.31775700934579,99.06542056074767,0,20.2273596764497,,,,
Banfora,Burkina Faso/m24/new_ig2_3,2,,,,,,,,,,,,,,0,An. gambiae Kisumu,Interceptor G2,2,2,102,71,42,102,0,69.6078431372549,41.17647058823529,100,0,14.27588579291367,,,,
Banfora,Burkina Faso/m24/new_ig2_3,2,,,,,,,,,,,,,,1,An. coluzzii VKPER,Interceptor G2,2,6,99,29,30,87,91,29.29292869567871,30.3030303030303,87.87878787878788,91.91919191919192,67.21553026117067,,,,
Banfora,Burkina Faso/m24/new_ig2_4,2,,,,,,,,,,,,,,0,An. gambiae Kisumu,Interceptor G2,2,2,105,64,30,105,0,60.95238095238096,28.57142857142857,100,0,40.51796157059315,,,,
Banfora,Burkina Faso/m24/new_int_1,2,,,,,,,,,,,,,,0,An. gambiae Kisumu,Interceptor,3,3,85,39,6,85,0,45.88235294117647,7.058823529411764,100,0,85.30443756449948,,,,
Banfora,Burkina Faso/m24/new_int_1,2,,,,,,,,,,,,,,1,An. coluzzii VKPER,Interceptor,3,7,91,35,46,56,81,38.46154022216797,50.54945054945055,61.53846153846154,89.01098901098901,45.31118124885393,,,,
Banfora,Burkina Faso/m24/new_int_2,2,,,,,,,,,,,,,,0,An. gambiae Kisumu,Interceptor,3,3,114,45,27,114,0,39.47368421052632,23.68421052631579,100,0,50.69252077562327,,,,
Banfora,Burkina Faso/m24/new_int_2,2,,,,,,,,,,,,,,1,An. coluzzii VKPER,Interceptor,3,7,85,33,36,40,46,38.82352828979492,42.35294117647059,47.05882352941176,54.11764705882353,54.17888229443618,,,,
Banfora,Burkina Faso/m24/new_int_3,2,,,,,,,,,,,,,,1,An. coluzzii VKPER,Interceptor,3,7,121,45,65,79,0,37.19008255004883,53.71900826446281,65.28925619834712,0,41.88207637207528,,,,
Banfora,Burkina Faso/m24/new_int_3,2,,,,,,,,,,,,,,0,An. gambiae Kisumu,Interceptor,3,3,103,49,15,103,0,47.57281553398058,14.5631067961165,100,0,69.68148526656447,,,,
Banfora,Burkina Faso/m24/new_int_4,2,,,,,,,,,,,,,,0,An. gambiae Kisumu,Interceptor,3,3,98,45,6,98,0,45.91836734693878,6.122448979591836,100,0,87.25384890798425,,,,
Banfora,Burkina Faso/m24/new_utr_1,2,,,,,,,,,,,,,,0,An. gambiae Kisumu,Untreated net,4,4,101,88,100,2,0,87.12871287128714,99.00990099009901,1.98019801980198,0,-106.1258757454693,,,,
Banfora,Burkina Faso/m24/new_utr_1,2,,,,,,,,,,,,,,1,An. coluzzii VKPER,Untreated net,4,8,94,79,94,0,2,84.04255676269531,100,0,2.127659574468085,-8.188750138136802,,,,
Banfora,Burkina Faso/m24/new_utr_2,2,,,,,,,,,,,,,,1,An. coluzzii VKPER,Untreated net,4,8,112,106,112,2,3,94.64286041259766,100,1.785714285714286,2.678571428571428,-8.188750138136802,,,,
Banfora,Burkina Faso/m24/new_utr_2,2,,,,,,,,,,,,,,0,An. gambiae Kisumu,Untreated net,4,4,115,84,114,1,0,73.04347826086956,99.1304347826087,.8695652173913043,0,-106.3768115942029,,,,
Banfora,Burkina Faso/m24/new_utr_3,2,,,,,,,,,,,,,,0,An. gambiae Kisumu,Untreated net,4,4,117,91,114,2,0,77.77777777777779,97.43589743589743,1.70940170940171,0,-102.8490028490029,,,,
Banfora,Burkina Faso/m24/new_utr_3,2,,,,,,,,,,,,,,1,An. coluzzii VKPER,Untreated net,4,8,96,64,86,1,2,66.66666412353516,89.58333333333334,1.041666666666667,2.083333333333333,3.080911334585767,,,,
Banfora,Burkina Faso/m24/new_utr_4,2,,,,,,,,,,,,,,0,An. gambiae Kisumu,Untreated net,4,4,106,68,106,3,0,64.15094339622641,100,2.830188679245283,0,-108.187134502924,,,,
Banfora,Burkina Faso/m36/./,3,,,,,,,,,,,,,,1,An. coluzzii VKPER,Untreated,4,8,84,65,66,1,2,77.38095238095238,78.57142857142857,1.19047619047619,2.380952380952381,,,,,
Banfora,Burkina Faso/m36/./,3,,,,,,,,,,,,,,1,An. coluzzii VKPER,Interceptor,3,7,112,55,78,53,54,49.10714285714285,69.64285714285714,47.32142857142857,48.21428571428572,29.09090909090909,,,,
Banfora,Burkina Faso/m36/./,3,,,,,,,,,,,,,,1,An. coluzzii VKPER,Interceptor G2,2,6,83,30,43,37,39,36.14457831325301,51.80722891566265,44.57831325301205,46.98795180722892,34.06352683461117,,,,
Banfora,Burkina Faso/m36/./,3,,,,,,,,,,,,,,0,An.kisumu, New,2,2,101,34,7,101,101,33.66336633663366,6.930693069306932,100,100,93.18386384092955,,,,
Banfora,Burkina Faso/m36/./,3,,,,,,,,,,,,,,0,An.kisumu,Interceptor G2,2,2,104,53,2,104,104,50.96153846153846,1.923076923076923,100,100,98.07692307692308,,,,
Banfora,Burkina Faso/m36/./,3,,,,,,,,,,,,,,1,An. coluzzii VKPER,Untreated,4,8,112,102,110,1,2,91.07142857142857,98.21428571428571,.8928571428571428,1.785714285714286,,,,,
Banfora,Burkina Faso/m36/./,3,,,,,,,,,,,,,,0,An.kisumu,Interceptor,3,3,91,40,10,91,91,43.95604395604396,10.98901098901099,100,100,88.49748382458662,,,,
Banfora,Burkina Faso/m36/./,3,,,,,,,,,,,,,,0,An.kisumu,Interceptor,3,3,83,31,4,83,83,37.34939759036144,4.819277108433735,100,100,95.18072289156626,,,,
Banfora,Burkina Faso/m36/./,3,,,,,,,,,,,,,,0,An.kisumu,Untreated,4,4,112,92,107,2,3,82.14285714285714,95.53571428571429,1.785714285714286,2.678571428571428,,,,,
Banfora,Burkina Faso/m36/./,3,,,,,,,,,,,,,,1,An. coluzzii VKPER,Interceptor,3,7,97,46,37,76,76,47.42268041237113,38.14432989690722,78.35051546391753,78.35051546391753,51.4526710402999,,,,
Banfora,Burkina Faso/m36/./,3,,,,,,,,,,,,,,0,An.kisumu, New,3,3,89,37,7,89,89,41.57303370786517,7.865168539325842,100,100,92.26483424644815,,,,
Banfora,Burkina Faso/m36/./,3,,,,,,,,,,,,,,0,An.kisumu,New,4,4,119,101,121,2,3,84.87394957983193,101.6806722689076,1.680672268907563,2.521008403361344,,,,,
Banfora,Burkina Faso/m36/./,3,,,,,,,,,,,,,,0,An.kisumu,Untreated,4,4,121,90,121,2,2,74.3801652892562,100,1.652892561983471,1.652892561983471,,,,,
Banfora,Burkina Faso/m36/./,3,,,,,,,,,,,,,,0,An.kisumu,Interceptor G2,2,2,109,64,6,109,109,58.71559633027523,5.504587155963304,100,100,94.23818914515991,,,,
Banfora,Burkina Faso/m36/./,3,,,,,,,,,,,,,,1,An. coluzzii VKPER,Interceptor G2,2,6,105,50,82,63,85,47.61904761904761,78.0952380952381,60,80.95238095238095,20.48484848484847,,,,
Banfora,Burkina Faso/m36/102/1680,3,1,1,1,1,6,3,1,1,1,2,2,2,1,0,An.kisumu,Interceptor G2,1,1,121,50,2,114,118,41.32231404958678,1.652892561983471,94.21487603305785,97.52066115702479,98.34710743801652,2.578002435227438,120.5216138468827,3.575567334493008,167.1577728875481
Banfora,Burkina Faso/m36/102/1680,3,1,1,1,1,6,3,1,1,1,2,2,2,1,1,An. coluzzii VKPER,Interceptor G2,1,5,78,11,3,37,59,14.1025641025641,3.846153846153846,47.43589743589743,75.64102564102564,96.08391608391609,2.578002435227438,120.5216138468827,3.575567334493008,167.1577728875481
Banfora,Burkina Faso/m36/102/1687,3,1,1,1,1,6,3,1,1,1,0,1,1,1,0,An.kisumu,Interceptor G2,1,1,85,15,15,85,85,17.64705882352941,17.64705882352941,100,100,82.35294117647058,1.764512787736424,76.0328560235625,.0646416329088439,2.785407962042084
Banfora,Burkina Faso/m36/102/1687,3,1,1,1,1,6,3,1,1,1,0,1,1,1,1,An. coluzzii VKPER,Interceptor G2,1,5,98,22,7,14,20,22.44897959183674,7.142857142857142,14.28571428571428,20.40816326530612,92.72727272727273,1.764512787736424,76.0328560235625,.0646416329088439,2.785407962042084
Banfora,Burkina Faso/m36/104/1068,3,2,4,3,1,7,2,1,1,1,1,1,1,2,1,An. coluzzii VKPER,Interceptor G2,1,5,84,52,33,28,31,61.90476190476191,39.28571428571428,33.33333333333333,36.90476190476191,50,1.337319483197454,57.97279959660962,1.126991350282208,48.85507503473372
Banfora,Burkina Faso/m36/104/1068,3,2,4,3,1,7,2,1,1,1,1,1,1,2,0,An.kisumu,Interceptor G2,1,1,102,47,5,100,101,46.07843137254902,4.901960784313726,98.0392156862745,99.01960784313727,95.17906336088154,1.337319483197454,57.97279959660962,1.126991350282208,48.85507503473372
Banfora,Burkina Faso/m36/104/1070,3,2,3,2,1,7,2,1,1,1,3,1,1,1,0,An.kisumu,Interceptor G2,1,1,122,92,71,93,97,75.40983606557377,58.19672131147541,76.22950819672131,79.50819672131148,42.76520796640021,2.333322297245056,101.9661843896089,2.645074690832905,115.589763989398
Banfora,Burkina Faso/m36/104/1070,3,2,3,2,1,7,2,1,1,1,3,1,1,1,1,An. coluzzii VKPER,Interceptor G2,1,5,90,67,82,6,9,74.44444444444444,91.11111111111111,6.666666666666667,10,-15.95959595959597,2.333322297245056,101.9661843896089,2.645074690832905,115.589763989398
Banfora,Burkina Faso/m36/106/1651,3,1,1,1,1,6,3,1,1,1,2,1,1,1,0,An.kisumu,Interceptor G2,1,1,99,21,19,99,99,21.21212121212121,19.19191919191919,100,100,79.91126215425281,1.172336356038435,49.8946353129958,.1692642361887406,7.2038858921928
Banfora,Burkina Faso/m36/106/1651,3,1,1,1,1,6,3,1,1,1,2,1,1,1,1,An. coluzzii VKPER,Interceptor G2,1,5,96,39,28,26,35,40.625,29.16666666666667,27.08333333333333,36.45833333333333,70.3030303030303,1.172336356038435,49.8946353129958,.1692642361887406,7.2038858921928
Banfora,Burkina Faso/m36/106/1666,3,1,1,1,1,6,3,1,1,1,1,1,1,1,1,An. coluzzii VKPER,Interceptor G2,1,5,103,24,23,78,94,23.30097087378641,22.33009708737864,75.72815533980582,91.2621359223301,77.26390114739628,2.181483348752884,91.16418914438302,3.578792211731306,149.5577265282513
Banfora,Burkina Faso/m36/106/1666,3,1,1,1,1,6,3,1,1,1,1,1,1,1,0,An.kisumu,Interceptor G2,1,1,92,12,9,90,91,13.04347826086956,9.782608695652174,97.82608695652173,98.91304347826086,89.76026005688745,2.181483348752884,91.16418914438302,3.578792211731306,149.5577265282513
Banfora,Burkina Faso/m36/107/1124,3,1,1,1,1,7,2,1,1,1,2,2,2,1,0,An.kisumu,Interceptor G2,1,1,116,83,43,108,112,71.55172413793103,37.06896551724138,93.10344827586206,96.55172413793103,62.93103448275862,2.212937065309585,100.0026259813402,1.925923412294894,87.03247900160628
Banfora,Burkina Faso/m36/107/1124,3,1,1,1,1,7,2,1,1,1,2,2,2,1,1,An. coluzzii VKPER,Interceptor G2,1,5,84,21,8,11,14,25,9.523809523809524,13.0952380952381,16.66666666666666,90.30303030303031,2.212937065309585,100.0026259813402,1.925923412294894,87.03247900160628
Banfora,Burkina Faso/m36/107/1128,3,2,4,3,1,2,1,2,1,1,1,2,2,1,1,An. coluzzii VKPER,Interceptor G2,1,5,82,10,6,13,21,12.19512195121951,7.317073170731707,15.85365853658537,25.60975609756098,92.54988913525499,1.127420544577037,52.36868429560339,.0985423363129362,4.577291521735889
Banfora,Burkina Faso/m36/107/1128,3,2,4,3,1,2,1,2,1,1,1,2,2,1,0,An.kisumu,Interceptor G2,1,1,102,38,13,98,99,37.25490196078432,12.74509803921569,96.07843137254902,97.05882352941177,87.25490196078431,1.127420544577037,52.36868429560339,.0985423363129362,4.577291521735889
Banfora,Burkina Faso/m36/108/1089,3,2,3,2,1,6,3,2,1,1,2,2,2,1,0,An.kisumu,Interceptor G2,1,1,100,47,7,,100,47,7.000000000000001,0,100,93,1.457100637843605,68.2651648829729,1.433430212101432,67.15620543695211
Banfora,Burkina Faso/m36/108/1089,3,2,3,2,1,6,3,2,1,1,2,2,2,1,1,An. coluzzii VKPER,Interceptor G2,1,5,89,27,11,12,25,30.3370786516854,12.35955056179775,13.48314606741573,28.08988764044944,87.41573033707866,1.457100637843605,68.2651648829729,1.433430212101432,67.15620543695211
Banfora,Burkina Faso/m36/108/1093,3,2,3,2,1,7,2,1,1,1,1,2,2,1,0,An.kisumu,Interceptor G2,1,1,92,39,13,92,92,42.39130434782609,14.1304347826087,100,100,85.86956521739131,1.006596727913244,40.04241783638886,.1259078304874874,5.008613496792248
Banfora,Burkina Faso/m36/108/1093,3,2,3,2,1,7,2,1,1,1,1,2,2,1,1,An. coluzzii VKPER,Interceptor G2,1,5,77,35,8,9,15,45.45454545454545,10.38961038961039,11.68831168831169,19.48051948051948,89.42148760330579,1.006596727913244,40.04241783638886,.1259078304874874,5.008613496792248
Banfora,Burkina Faso/m36/109/1103,3,2,3,2,1,7,2,1,1,1,1,2,2,2,1,An. coluzzii VKPER,Interceptor G2,1,5,93,40,46,40,47,43.01075268817204,49.46236559139785,43.01075268817204,50.53763440860215,49.63831867057673,1.82312116898373,86.30655613968979,1.583555333028384,74.9655094655637
Banfora,Burkina Faso/m36/109/1103,3,2,3,2,1,7,2,1,1,1,1,2,2,2,0,An.kisumu,Interceptor G2,1,1,92,53,25,88,90,57.60869565217391,27.17391304347826,95.65217391304348,97.82608695652173,72.82608695652175,1.82312116898373,86.30655613968979,1.583555333028384,74.9655094655637
Banfora,Burkina Faso/m36/109/1107,3,,,,,,,,1,,,,,,1,An. coluzzii VKPER,Interceptor G2,1,5,83,34,22,14,17,40.96385542168674,26.50602409638554,16.86746987951807,20.48192771084337,73.01204819277109,.1854408639849831,8.419015224918233,.2706903468814004,12.28934174841558
Banfora,Burkina Faso/m36/109/1107,3,,,,,,,,1,,,,,,0,An.kisumu,Interceptor G2,1,1,83,45,27,67,69,54.21686746987952,32.53012048192771,80.72289156626506,83.13253012048193,67.46987951807229,.1854408639849831,8.419015224918233,.2706903468814004,12.28934174841558
Banfora,Burkina Faso/m36/110/1045,3,1,1,1,1,4,2,1,1,1,2,1,1,1,0,An.kisumu,Interceptor G2,1,1,82,37,27,60,65,45.1219512195122,32.92682926829269,73.17073170731707,79.26829268292683,67.61741584357991,1.344304820889859,58.81333591393135,.3047976127520161,13.3348955579007
Banfora,Burkina Faso/m36/110/1045,3,1,1,1,1,4,2,1,1,1,2,1,1,1,1,An. coluzzii VKPER,Interceptor G2,1,5,94,42,41,60,63,44.68085106382978,43.61702127659575,63.82978723404256,67.02127659574468,44.48742746615086,1.344304820889859,58.81333591393135,.3047976127520161,13.3348955579007
Banfora,Burkina Faso/m36/110/1063,3,2,3,2,1,6,3,1,1,1,1,1,1,1,0,An.kisumu,Interceptor G2,1,1,84,32,5,70,70,38.09523809523809,5.952380952380952,83.33333333333334,83.33333333333334,94.14600550964187,2.095659926195739,94.70287206478542,2.681618700026893,121.1823490542153
Banfora,Burkina Faso/m36/110/1063,3,2,3,2,1,6,3,1,1,1,1,1,1,1,1,An. coluzzii VKPER,Interceptor G2,1,5,95,50,69,15,23,52.63157894736842,72.63157894736842,15.78947368421053,24.21052631578947,7.559808612440184,2.095659926195739,94.70287206478542,2.681618700026893,121.1823490542153
Banfora,Burkina Faso/m36/112/1608,3,1,1,1,1,4,2,1,1,1,1,1,1,1,1,An. coluzzii VKPER,Interceptor G2,1,5,105,75,51,72,83,71.42857142857143,48.57142857142857,68.57142857142857,79.04761904761905,38.18181818181819,2.710538067907281,116.1194508291479,4.715408613884148,202.0081050187969
Banfora,Burkina Faso/m36/112/1608,3,1,1,1,1,4,2,1,1,1,1,1,1,1,0,An.kisumu,Interceptor G2,1,1,131,88,20,116,125,67.17557251908397,15.26717557251908,88.54961832061069,95.41984732824427,84.98517443694405,2.710538067907281,116.1194508291479,4.715408613884148,202.0081050187969
Banfora,Burkina Faso/m36/112/1612,3,3,4,3,0,,,4,1,1,2,1,1,1,0,An.kisumu,Interceptor G2,1,1,90,30,16,85,88,33.33333333333333,17.77777777777778,94.44444444444444,97.77777777777777,82.51606978879707,2.531580481057818,102.8581149453792,2.678867357878878,108.8423807506188
Banfora,Burkina Faso/m36/112/1612,3,3,4,3,0,,,4,1,1,2,1,1,1,1,An. coluzzii VKPER,Interceptor G2,1,5,83,38,48,38,45,45.78313253012048,57.83132530120481,45.78313253012048,54.21686746987952,26.39649507119387,2.531580481057818,102.8581149453792,2.678867357878878,108.8423807506188
Banfora,Burkina Faso/m36/113/1722,3,1,4,3,1,2,1,1,1,1,1,1,1,1,0,An.kisumu,Interceptor G2,1,1,135,72,58,89,108,53.33333333333334,42.96296296296296,65.92592592592592,80,55.0294219453098,.3536543964102844,16.65004898299619,.0860097155359271,4.049337407431446
Banfora,Burkina Faso/m36/113/1722,3,1,4,3,1,2,1,1,1,1,1,1,1,1,1,An. coluzzii VKPER,Interceptor G2,1,5,97,72,87,7,11,74.22680412371135,89.69072164948454,7.216494845360824,11.34020618556701,-14.15182755388942,.3536543964102844,16.65004898299619,.0860097155359271,4.049337407431446
Banfora,Burkina Faso/m36/113/1729,3,1,1,1,1,6,3,1,1,1,2,1,1,1,1,An. coluzzii VKPER,Interceptor G2,1,5,106,54,63,63,66,50.9433962264151,59.43396226415094,59.43396226415094,62.26415094339622,24.35677530017153,1.026308653205035,50.57649042994414,.088269654946106,4.349928595744103
Banfora,Burkina Faso/m36/113/1729,3,1,1,1,1,6,3,1,1,1,2,1,1,1,0,An.kisumu,Interceptor G2,1,1,102,32,20,99,101,31.37254901960784,19.6078431372549,97.05882352941177,99.01960784313727,79.47590251053693,1.026308653205035,50.57649042994414,.088269654946106,4.349928595744103
Banfora,Burkina Faso/m36/114/1693,3,2,2,1,1,6,3,1,1,1,3,1,1,1,1,An. coluzzii VKPER,Interceptor G2,1,5,106,43,40,72,76,40.56603773584906,37.73584905660378,67.9245283018868,71.69811320754717,51.97255574614065,.8940436761477399,38.25612890236179,.0647197793875119,2.769359359991633
Banfora,Burkina Faso/m36/114/1693,3,2,2,1,1,6,3,1,1,1,3,1,1,1,0,An.kisumu,Interceptor G2,1,1,109,44,48,94,104,40.36697247706422,44.03669724770643,86.23853211009175,95.41284403669725,53.90551316127925,.8940436761477399,38.25612890236179,.0647197793875119,2.769359359991633
Banfora,Burkina Faso/m36/114/1698,3,1,1,1,1,6,3,1,1,1,3,1,1,1,1,An. coluzzii VKPER,Interceptor G2,1,5,107,66,43,91,93,61.6822429906542,40.18691588785047,85.04672897196261,86.91588785046729,48.85301614273577,2.198501547556976,105.5500592982104,2.945057681551673,141.3922192912958
Banfora,Burkina Faso/m36/114/1698,3,1,1,1,1,6,3,1,1,1,3,1,1,1,0,An.kisumu,Interceptor G2,1,1,133,58,43,128,129,43.60902255639098,32.33082706766917,96.24060150375939,96.99248120300751,66.1583866207575,2.198501547556976,105.5500592982104,2.945057681551673,141.3922192912958
Banfora,Burkina Faso/m36/114/1702,3,1,4,3,1,7,2,1,1,0,0,9,9,,1,An. coluzzii VKPER,Interceptor G2,1,5,120,44,47,84,86,36.66666666666666,39.16666666666666,70,71.66666666666667,50.15151515151516,1.000134606430906,41.35556597591795,.05,2
Banfora,Burkina Faso/m36/114/1702,3,1,4,3,1,7,2,1,1,0,0,9,9,,0,An.kisumu,Interceptor G2,1,1,100,30,21,92,94,30,21,92,94,78.01869158878505,1.000134606430906,41.35556597591795,.05,2
Banfora,Burkina Faso/m36/115/1003,3,4,3,2,0,,,4,1,1,1,2,2,2,0,An.kisumu,Interceptor G2,1,1,107,47,10,100,100,43.92523364485982,9.345794392523365,93.45794392523365,93.45794392523365,90.21748624334003,1.890232717296916,85.38181184030169,.7904970999481231,35.70675400465672
Banfora,Burkina Faso/m36/115/1003,3,4,3,2,0,,,4,1,1,1,2,2,2,1,An. coluzzii VKPER,Interceptor G2,1,5,96,39,35,63,64,40.625,36.45833333333333,65.625,66.66666666666666,53.59848484848485,1.890232717296916,85.38181184030169,.7904970999481231,35.70675400465672
Banfora,Burkina Faso/m36/115/1012,3,1,3,2,1,6,3,1,1,1,1,2,2,2,0,An.kisumu,Interceptor G2,1,1,95,25,5,90,90,26.31578947368421,5.263157894736842,94.73684210526315,94.73684210526315,94.49090014756518,3.16333818787778,145.5135566423779,5.234675535081837,240.7950746137645
Banfora,Burkina Faso/m36/115/1012,3,1,3,2,1,6,3,1,1,1,1,2,2,2,1,An. coluzzii VKPER,Interceptor G2,1,5,121,40,14,109,110,33.05785123966943,11.5702479338843,90.08264462809917,90.90909090909091,85.27422990232907,3.16333818787778,145.5135566423779,5.234675535081837,240.7950746137645
Banfora,Burkina Faso/m36/115/1019,3,2,2,1,1,6,3,2,1,1,3,2,2,2,1,An. coluzzii VKPER,Interceptor G2,1,5,113,60,88,50,55,53.09734513274337,77.87610619469027,44.24778761061947,48.67256637168141,.8849557522123864,2.870661397779499,118.0128900627152,2.769536761705876,113.8556562737286
Banfora,Burkina Faso/m36/115/1019,3,2,2,1,1,6,3,2,1,1,3,2,2,2,0,An.kisumu,Interceptor G2,1,1,103,30,22,83,87,29.12621359223301,21.35922330097087,80.58252427184466,84.46601941747572,77.64268215225479,2.870661397779499,118.0128900627152,2.769536761705876,113.8556562737286
Banfora,Burkina Faso/m36/116/1739,3,4,1,1,0,,,4,1,1,1,1,1,1,0,An.kisumu,Interceptor G2,1,1,97,62,32,75,86,63.91752577319587,32.98969072164948,77.31958762886599,88.65979381443299,67.55559342251001,.9391647986644724,40.33712810263909,.0775465232183516,3.3306231722282
Banfora,Burkina Faso/m36/116/1739,3,4,1,1,0,,,4,1,1,1,1,1,1,1,An. coluzzii VKPER,Interceptor G2,1,5,114,58,58,40,43,50.87719298245614,50.87719298245614,35.08771929824561,37.71929824561403,48.19776714513556,.9391647986644724,40.33712810263909,.0775465232183516,3.3306231722282
Banfora,Burkina Faso/m36/116/1746,3,1,1,1,1,6,3,1,1,1,1,1,1,1,1,An. coluzzii VKPER,Interceptor G2,1,5,103,35,18,83,88,33.98058252427185,17.47572815533981,80.58252427184466,85.43689320388349,82.20653133274493,2.073740128675696,89.97958418323846,1.341646049380593,58.21402208262391
Banfora,Burkina Faso/m36/116/1746,3,1,1,1,1,6,3,1,1,1,1,1,1,1,0,An.kisumu,Interceptor G2,1,1,89,29,4,89,89,32.58426966292135,4.49438202247191,100,100,95.57990528368465,2.073740128675696,89.97958418323846,1.341646049380593,58.21402208262391
Banfora,Burkina Faso/m36/116/1747,3,1,4,3,1,6,3,1,1,1,2,1,1,1,1,An. coluzzii VKPER,Interceptor G2,1,5,103,47,48,43,47,45.63106796116505,46.60194174757282,41.74757281553398,45.63106796116505,52.55075022065313,1.712710336836468,73.25262110649577,.2977465699430136,12.73462079646269
Banfora,Burkina Faso/m36/116/1747,3,1,4,3,1,6,3,1,1,1,2,1,1,1,0,An.kisumu,Interceptor G2,1,1,92,40,30,71,77,43.47826086956522,32.60869565217391,77.17391304347827,83.69565217391305,67.93029105282071,1.712710336836468,73.25262110649577,.2977465699430136,12.73462079646269
Banfora,Burkina Faso/m36/116/1748,3,1,1,1,1,7,2,1,1,1,3,1,1,1,1,An. coluzzii VKPER,Interceptor G2,1,5,99,32,15,68,68,32.32323232323233,15.15151515151515,68.68686868686868,68.68686868686868,84.57300275482093,2.523000197631663,116.9410591602276,3.653957072494964,169.3609103101416
Banfora,Burkina Faso/m36/116/1748,3,1,1,1,1,7,2,1,1,1,3,1,1,1,0,An.kisumu,Interceptor G2,1,1,104,40,3,104,104,38.46153846153847,2.884615384615385,100,100,97.16306420851876,2.523000197631663,116.9410591602276,3.653957072494964,169.3609103101416
Banfora,Burkina Faso/m36/117/1141,3,3,4,3,0,,,4,1,98,,9,9,,1,An. coluzzii VKPER,Interceptor G2,1,5,85,32,41,66,67,37.64705882352941,48.23529411764706,77.64705882352942,78.82352941176471,50.88770053475936,2.317352013157175,99.06679856246922,3.827400378450985,163.6213661787796
Banfora,Burkina Faso/m36/117/1141,3,3,4,3,0,,,4,1,98,,9,9,,0,An.kisumu,Interceptor G2,1,1,98,21,3,96,97,21.42857142857143,3.061224489795918,97.95918367346938,98.9795918367347,96.98937426210153,2.317352013157175,99.06679856246922,3.827400378450985,163.6213661787796
Banfora,Burkina Faso/m36/117/1144,3,2,3,2,1,6,3,1,1,1,2,1,1,1,1,An. coluzzii VKPER,Interceptor G2,1,5,116,61,91,35,36,52.58620689655172,78.44827586206897,30.17241379310345,31.03448275862069,20.12539184952977,.1706725171201179,8.036968831186352,.0982229395906274,4.625318225322644
Banfora,Burkina Faso/m36/117/1144,3,2,3,2,1,6,3,1,1,1,2,1,1,1,0,An.kisumu,Interceptor G2,1,1,85,43,37,65,71,50.58823529411764,43.52941176470588,76.47058823529412,83.52941176470588,57.19008264462809,.1706725171201179,8.036968831186352,.0982229395906274,4.625318225322644
